{
  "assetsByChunkName": {
    "vendors~app-account~app-confirmation~app-order": "chunk.8fb3a5ad8b5872aa0c47.js",
    "vendors~app-account~app-checkout": "chunk.bcc79b3369666e896246.js",
    "vendors~app-cart~app-checkout": "chunk.cb9f1dfc44e92e242d93.js",
    "admin": [
      "admin.f0e2d3566a75ed0b9a12.js",
      "admin.f0e2d3566a75ed0b9a12.js.map"
    ],
    "app-account": "chunk.91a0b5752bdeb34f5887.js",
    "app-confirmation": "chunk.23439ddb595e71ae800e.js",
    "app-order": "chunk.615346a67a3f3c34bc96.js",
    "checkout": [
      "checkout.573614ff96e85a7daa2c.js",
      "checkout.573614ff96e85a7daa2c.js.map"
    ],
    "storefront": [
      "storefront.6b7a4e166161a7a8d7ce.css",
      "storefront.62aad7d9f14118a341f3.js",
      "storefront.6b7a4e166161a7a8d7ce.css.map",
      "storefront.62aad7d9f14118a341f3.js.map"
    ],
    "vendors~app-cart": "chunk.b5b2c61a111e3804eda1.js",
    "vendors~app-checkout": "chunk.644097ae6d0a816992ff.js"
  }
}